NO,PART NO,LOT NO,DATE,TIME,"OUTTER 
TEMP1","O/T 
2","O/T 
3","O/T 
4","O/T 
5","O/T 
6","O/T 
7","O/T 
8","O/T 
9","O/T 
10","O/T 
11","O/T 
12","ROOM SET 
TEMP (℃)","ROOM
IN TEMP 1",RIT2,RIT3,RIT4,RIT5,RIT6,RIT7,RIT8,RIT9,RIT10,RIT11,RIT12,"ROOM
OUT TEMP 1",ROT2,ROT3,ROT4,ROT5,ROT6,ROT7,ROT8,ROT9,ROT10,ROT11,ROT12,"HIT SET
TEMP  (℃)","HIT
TEMP1",H/T2,H/T3,H/T4,H/T5,H/T6,H/T7,H/T8,H/T9,H/T10,H/T11,H/T12,"Color
L1-1","Color
L1-2","Color
L2-1","Color
L2-2","Color
L3-1","Color
L3-2","Color
L4-1","Color
L4-2","Color
L5-1","Color
L5-2","Color
A1-1","Color
A1-2","Color
A2-1","Color
A2-2","Color
A3-1","Color
A3-2","Color
A4-1","Color
A4-2","Color
A5-1","Color
A5-2","Color
B1-1","Color
B1-2","Color
B2-1","Color
B2-2","Color
B3-1","Color
B3-2","Color
B4-1","Color
B4-2","Color
B5-1","Color
B5-2","BONDING
quality(%)"
#1,109720,P0123B2101170001,23.02.21,13:56~14:07,18.9,18.8,18.8,18.8,18.8,18.8,18.8,18.8,18.7,18.7,18.6,18.6,210,138,137,135,133,131,128,127,124,122,120,118,,152,141,144,156,159,159,162,164,163,161,164,,280,153,209,160,90.3,76.3,98.8,143,163,116,219,216,,44.92 ,45.59 ,45.39 ,45.78 ,44.52 ,44.06 ,45.60 ,45.81 ,45.39 ,44.00 ,1.44 ,1.51 ,0.92 ,1.05 ,1.65 ,1.91 ,1.69 ,1.65 ,1.12 ,1.25 ,8.68 ,8.11 ,8.09 ,8.01 ,9.37 ,10.62 ,8.76 ,8.04 ,9.35 ,8.13 ,95
#2,114520,P0123B2101220001,23.02.21,14:00~14:11,18.8,18.8,18.8,18.8,18.7,18.7,18.6,18.6,18.5,18.5,18.4,18.4,210,131,128,127,124,122,120,118,114,114,113,111,,159,159,162,164,163,161,164,164,161,164,164,,280,76.3,98.8,143,163,116,219,216,108,117,164,155,,43.81 ,42.89 ,43.22 ,42.55 ,42.03 ,41.20 ,40.87 ,41.27 ,42.70 ,42.24 ,3.38 ,4.22 ,2.59 ,3.00 ,4.07 ,5.43 ,4.55 ,4.46 ,3.54 ,3.83 ,13.88 ,14.68 ,11.30 ,12.55 ,14.07 ,15.98 ,14.61 ,15.18 ,13.55 ,14.10 ,95
#3,114520,P0123B2101230001,23.02.21,14:03~14:13,18.8,18.7,18.7,18.6,18.6,18.5,18.5,18.4,18.4,18.4,18.4,,210,124,122,120,118,114,114,113,111,111,109,,,164,163,161,164,164,161,164,164,163,164,,,280,163,116,219,216,108,117,164,155,182,31,,,43.43 ,43.77 ,43.63 ,42.11 ,43.78 ,45.32 ,41.74 ,44.56 ,42.55 ,43.71 ,3.19 ,3.88 ,3.51 ,4.83 ,2.99 ,2.19 ,4.53 ,3.74 ,3.90 ,3.68 ,12.90 ,14.22 ,13.51 ,15.70 ,13.09 ,11.53 ,15.02 ,14.35 ,14.39 ,13.46 ,95
#4,114520,P0123B2101200001,23.02.21,14:07~14:18,18.6,18.5,18.5,18.4,18.4,18.4,18.4,18.4,18.4,18.5,18.5,18.5,210,114,114,113,111,111,109,108,108,106,105,104,,164,161,164,164,163,164,168,167,161,164,163,,280,108,117,164,155,182,31,178,198,121,173,148,,45.10 ,42.72 ,44.22 ,42.83 ,44.39 ,45.78 ,43.58 ,45.83 ,43.56 ,44.48 ,2.42 ,2.76 ,3.13 ,3.57 ,2.33 ,1.97 ,3.49 ,2.04 ,3.34 ,2.85 ,12.42 ,12.65 ,13.95 ,13.77 ,12.77 ,12.27 ,14.25 ,11.94 ,14.59 ,13.50 ,95
#5,114520,P0123B2101210001,23.02.21,14:10~14:21,18.4,18.4,18.4,18.4,18.4,18.4,18.5,18.5,18.5,18.5,18.5,18.5,210,113,111,111,109,108,108,106,105,104,104,104,103,164,164,163,164,168,167,161,164,163,154,153,158,280,164,155,182,31,178,198,121,173,148,203,204,229,43.56 ,42.48 ,42.76 ,41.89 ,42.08 ,44.23 ,43.47 ,44.88 ,42.79 ,44.95 ,2.92 ,4.31 ,3.24 ,4.67 ,4.26 ,3.41 ,3.21 ,2.29 ,3.96 ,3.33 ,11.97 ,14.36 ,12.69 ,15.45 ,14.49 ,13.13 ,12.44 ,11.25 ,14.23 ,13.33 ,95
#6,105250,P0123B2101290001,23.02.21,14:14~14:25,18.4,18.4,18.5,18.5,18.5,18.5,18.5,18.5,18.5,18.5,18.5,18.5,210,108,108,106,105,104,104,104,103,103,104,104,104,168,167,161,164,163,154,153,158,156,152,155,158,280,178,198,121,173,148,203,204,229,232,91.3,105,225,47.67 ,45.70 ,46.78 ,49.05 ,46.05 ,48.47 ,47.06 ,46.12 ,45.58 ,44.58 ,3.35 ,3.05 ,3.20 ,2.66 ,4.37 ,3.40 ,3.76 ,5.18 ,3.50 ,4.63 ,14.85 ,13.33 ,14.65 ,14.39 ,17.05 ,14.85 ,15.49 ,18.43 ,15.15 ,16.33 ,95
#7,105250,P0123B2101280001,23.02.21,14:18~14:29,18.5,18.5,18.5,18.5,18.5,18.5,18.5,18.5,18.5,18.6,18.6,18.6,210,104,104,104,103,103,104,104,104,104,105,105,105,163,154,153,158,156,152,155,158,146,147,154,,280,148,203,204,229,232,91.3,105,225,135,80.3,157,,48.73 ,46.92 ,49.25 ,48.14 ,50.11 ,48.60 ,48.29 ,47.60 ,48.16 ,47.80 ,2.62 ,3.72 ,2.76 ,3.06 ,1.92 ,2.51 ,2.99 ,3.54 ,2.83 ,3.17 ,12.84 ,15.16 ,13.62 ,13.79 ,11.47 ,13.29 ,13.71 ,15.70 ,13.85 ,14.29 ,95
#8,105250,P0123B2101240001,23.02.21,14:21~14:32,18.5,18.5,18.5,18.5,18.5,18.5,18.6,18.6,18.6,18.7,18.7,18.8,210,103,103,104,104,104,104,105,105,105,106,106,,158,156,152,155,158,146,147,154,151,143,146,,280,229,232,91.3,105,225,135,80.3,157,111,149,,,50.45 ,49.66 ,48.78 ,47.97 ,48.86 ,48.76 ,47.99 ,47.49 ,47.13 ,47.85 ,1.76 ,1.66 ,2.24 ,2.75 ,2.22 ,1.82 ,2.43 ,3.57 ,3.39 ,2.61 ,13.60 ,12.57 ,14.53 ,16.13 ,14.02 ,14.28 ,15.30 ,17.40 ,17.89 ,15.06 ,95
#9,105250,P0123B2101270001,23.02.21,14:25~14:36,18.5,18.5,18.6,18.6,18.6,18.7,18.7,18.8,18.8,18.9,18.9,18.9,210,104,104,105,105,105,106,106,106,108,108,108,,158,146,147,154,151,143,146,150,144,145,146,,280,225,135,80.3,157,111,149,207,191,211,232,,,49.72 ,46.65 ,48.68 ,47.51 ,47.24 ,47.13 ,46.48 ,48.92 ,46.60 ,46.05 ,2.56 ,4.58 ,2.86 ,4.09 ,3.57 ,3.12 ,3.21 ,2.42 ,3.76 ,4.34 ,12.67 ,15.98 ,14.11 ,15.94 ,14.42 ,14.26 ,14.41 ,12.21 ,15.80 ,16.89 ,95
#10,105250,P0123B2101260001,23.02.21,14:29~14:40,18.6,18.7,18.7,18.8,18.8,18.9,18.9,18.9,19,19,19.1,19.1,210,105,106,106,106,108,108,108,108,109,109,109,,154,151,143,146,150,144,145,146,145,142,142,153,280,157,111,149,207,191,211,232,224,171,194,229,,48.02 ,47.72 ,47.40 ,49.74 ,47.23 ,46.99 ,47.39 ,47.59 ,49.52 ,47.54 ,2.79 ,3.16 ,3.20 ,2.16 ,3.52 ,3.80 ,3.86 ,3.74 ,2.16 ,3.82 ,14.31 ,15.08 ,15.12 ,12.53 ,15.61 ,16.02 ,16.28 ,15.95 ,13.22 ,15.85 ,95
#11,105250,P0123B2101250001,23.02.21,14:32~14:43,18.8,18.8,18.9,18.9,18.9,19,19,19.1,19.1,19.1,19.2,19.2,210,106,106,108,108,108,108,109,109,109,109,109,110,146,150,144,145,146,145,142,142,153,147,142,143,280,149,207,191,211,232,224,171,194,229,204,206,220,48.00 ,48.05 ,48.65 ,50.48 ,46.42 ,48.82 ,48.38 ,49.70 ,47.76 ,48.57 ,2.69 ,3.58 ,4.01 ,2.68 ,3.50 ,3.39 ,2.88 ,3.26 ,3.43 ,2.94 ,11.87 ,13.37 ,15.73 ,12.13 ,13.50 ,13.84 ,14.04 ,13.16 ,14.13 ,12.67 ,95
#12,105250,P0123B2101650001,23.02.21,14:36~14:47,18.9,19,19,19.1,19.1,19.1,19.2,19.2,19.2,19.3,19.2,19.3,210,108,108,109,109,109,109,109,110,110,110,110,,146,145,142,142,153,147,142,143,146,153,157,,280,232,224,171,194,229,204,206,220,229,109,171,,46.43 ,46.83 ,47.59 ,48.94 ,47.37 ,46.20 ,47.39 ,49.75 ,47.34 ,45.73 ,3.31 ,2.86 ,3.06 ,2.32 ,2.96 ,4.21 ,3.58 ,2.42 ,2.77 ,3.21 ,14.66 ,13.15 ,14.39 ,12.64 ,14.32 ,17.00 ,16.12 ,13.59 ,13.84 ,13.64 ,95
#13,105250,P0123B2101670001,23.02.21,14:40~14:51,19.1,19.1,19.2,19.2,19.2,19.3,19.2,19.3,19.3,19.3,19.3,19.4,210,109,109,109,110,110,110,110,109,109,109,109,,153,147,142,143,146,153,157,157,149,152,158,,280,229,204,206,220,229,109,171,40.8,192,231,227,,44.01 ,44.24 ,44.15 ,41.52 ,42.54 ,46.40 ,44.13 ,42.94 ,42.78 ,45.65 ,5.94 ,5.13 ,5.48 ,6.63 ,6.64 ,5.08 ,5.42 ,6.34 ,5.84 ,3.37 ,19.14 ,17.48 ,17.58 ,17.00 ,18.46 ,17.14 ,17.72 ,18.56 ,17.71 ,14.47 ,95
#14,105250,P0123B2101680001,23.02.21,14:43~14:54,19.2,19.2,19.3,19.2,19.3,19.3,19.3,19.3,19.4,19.4,19.5,19.5,210,110,110,110,110,109,109,109,109,109,109,109,,143,146,153,157,157,149,152,158,158,151,152,,280,220,229,109,171,40.8,192,231,227,229,211,199,,43.75 ,44.69 ,42.73 ,42.10 ,43.75 ,43.47 ,44.90 ,43.74 ,44.38 ,42.06 ,5.00 ,5.54 ,5.51 ,5.94 ,5.26 ,5.44 ,5.52 ,6.66 ,5.19 ,6.90 ,16.21 ,18.19 ,17.74 ,17.65 ,18.18 ,16.53 ,18.54 ,19.54 ,17.92 ,18.85 ,95
#15,105250,P0123B2101690001,23.02.21,14:47~14:58,19.3,19.3,19.3,19.3,19.4,19.4,19.5,19.5,19.6,19.6,19.7,19.7,210,110,109,109,109,109,109,109,109,108,109,109,106,157,157,149,152,158,158,151,152,155,147,147,147,280,171,40.8,192,231,227,229,211,199,139,136,93,204,45.79 ,46.10 ,45.98 ,45.38 ,44.91 ,45.44 ,46.33 ,46.59 ,46.56 ,44.48 ,4.79 ,4.39 ,4.62 ,4.38 ,4.99 ,4.57 ,4.61 ,4.09 ,3.77 ,4.75 ,17.01 ,16.82 ,17.38 ,16.64 ,16.58 ,17.15 ,17.75 ,16.70 ,16.25 ,17.05 ,95
#16,105250,P0123B2101660001,23.02.21,14:50~15:01,19.3,19.4,19.4,19.5,19.5,19.6,19.6,19.7,19.7,19.8,19.8,19.8,210,109,109,109,109,109,108,109,109,106,108,109,110,152,158,158,151,152,155,147,147,147,150,150,150,280,231,227,229,211,199,139,136,93,204,159,195,217,48.63 ,48.83 ,46.24 ,45.92 ,47.03 ,44.97 ,45.65 ,46.25 ,47.12 ,47.92 ,2.85 ,2.33 ,4.82 ,4.58 ,3.03 ,2.78 ,3.79 ,3.26 ,3.96 ,3.03 ,13.27 ,11.81 ,16.65 ,16.53 ,12.90 ,12.68 ,14.62 ,13.94 ,16.15 ,13.62 ,95
#17,105250,P0123B2101700001,23.02.21,14:54~15:05,19.5,19.6,19.6,19.7,19.7,19.8,19.8,19.8,19.8,19.8,19.8,9.9,210,109,108,109,109,106,108,109,110,109,109,109,108,152,155,147,147,147,150,150,150,154,148,149,155,280,199,139,136,93,204,159,195,217,197,176,204,233,45.48 ,46.96 ,45.27 ,45.56 ,47.02 ,45.44 ,45.86 ,46.61 ,45.89 ,44.06 ,4.40 ,4.06 ,4.79 ,5.07 ,4.49 ,4.09 ,4.56 ,3.76 ,4.30 ,5.32 ,14.52 ,16.06 ,16.28 ,17.45 ,16.09 ,15.34 ,15.48 ,14.88 ,16.44 ,15.92 ,95
#18,105130,P0123B2101760001,23.02.21,14:58~15:09,19.7,19.8,19.8,19.8,19.8,19.8,19.8,9.9,19.8,19.9,19.9,19.9,210,106,108,109,110,109,109,109,108,107,107,108,109,147,150,150,150,154,148,149,155,156,153,155,153,280,204,159,195,217,197,176,204,233,145,118,182,73,47.45 ,46.17 ,41.24 ,43.67 ,43.97 ,44.61 ,43.74 ,43.55 ,45.43 ,45.33 ,3.00 ,4.11 ,8.47 ,6.60 ,6.02 ,5.96 ,2.03 ,5.87 ,5.80 ,4.66 ,15.29 ,18.69 ,20.09 ,21.25 ,20.42 ,20.68 ,20.16 ,20.00 ,20.00 ,19.49 ,95
#19,105130,P0123B2101720001,23.02.21,15:01~15:12,19.8,19.8,19.8,19.8,9.9,19.8,19.9,19.9,19.9,19.9,19.9,19.9,210,110,109,109,109,108,107,107,108,109,109,109,,150,154,148,149,155,156,153,155,153,149,151,,280,217,197,176,204,233,145,118,182,73,223,191,,44.57 ,43.29 ,47.56 ,45.60 ,47.24 ,49.20 ,46.77 ,44.49 ,48.23 ,44.66 ,5.25 ,4.89 ,4.20 ,4.34 ,3.09 ,2.49 ,5.14 ,6.75 ,3.34 ,5.41 ,18.88 ,17.30 ,18.79 ,18.65 ,16.12 ,15.73 ,21.09 ,22.15 ,17.65 ,19.64 ,95
#20,105130,P0123B2101710001,23.02.21,15:04~15:15,19.8,9.9,19.8,19.9,19.9,19.9,19.9,19.9,19.9,20,20.1,20,210,109,108,107,107,108,109,109,109,109,109,109,,149,155,156,153,155,153,149,151,153,150,152,,280,204,233,145,118,182,73,223,191,162,172,134,,46.97 ,46.69 ,43.91 ,43.83 ,48.11 ,47.24 ,45.57 ,47.39 ,47.02 ,45.52 ,4.05 ,4.50 ,6.35 ,6.32 ,2.92 ,3.76 ,3.66 ,3.45 ,4.05 ,5.50 ,19.04 ,19.08 ,20.59 ,20.69 ,16.94 ,17.63 ,17.57 ,17.92 ,18.70 ,20.02 ,95
#21,105250,P0123B2800730001,23.02.28,08:58~09:09,14.4,14.5,14.6,14.7,14.7,14.7,14.7,14.7,14.6,14.6,14.6,14.6,210,128,129,129,129,128,128,126,124,122,120,118,,143,142,146,152,151,145,149,155,154,158,163,,280,82,198,218,100,214,66,53,179,190,116,79.3,,47.16 ,47.33 ,47.69 ,47.02 ,48.37 ,49.47 ,47.96 ,46.71 ,46.64 ,46.48 ,1.33 ,1.14 ,0.46 ,1.36 ,0.28 ,0.93 ,0.20 ,1.07 ,2.48 ,1.80 ,18.00 ,17.12 ,21.79 ,23.55 ,18.88 ,16.26 ,17.00 ,18.92 ,19.18 ,18.86 ,95
#22,105250,P0123B2800890001,23.02.28,09:13~09:24,14.4,14.4,14.4,14.3,14.3,14.3,14.3,14.3,14.4,14.4,14.4,14.4,210,112,110,109,108,107,106,105,104,104,103,102,,165,162,164,166,165,162,165,166,166,170,172,,280,167,128,200,109,141,202,193,186,64,68,202,,47.76 ,47.99 ,46.40 ,44.56 ,47.05 ,47.18 ,45.93 ,45.83 ,46.65 ,45.42 ,4.03 ,4.67 ,5.44 ,6.54 ,6.15 ,4.60 ,5.26 ,5.41 ,5.55 ,6.54 ,14.82 ,15.46 ,17.55 ,17.65 ,18.39 ,17.69 ,16.75 ,18.57 ,17.14 ,18.20 ,95
#23,105250,P0123B2800840001,23.02.28,09:17~09:28,14.3,14.3,14.3,14.3,14.4,14.4,14.4,14.4,14.4,14.4,14.3,14.3,210,107,106,105,104,104,103,102,102,101,101,101,,165,162,165,166,166,170,172,172,170,170,169,,280,141,202,193,186,64,68,202,8,74,211,111,,46.28 ,47.47 ,48.52 ,47.71 ,50.89 ,46.96 ,48.13 ,47.28 ,45.59 ,44.51 ,4.91 ,5.05 ,4.15 ,4.70 ,3.55 ,5.60 ,5.15 ,5.23 ,4.88 ,4.93 ,16.36 ,17.10 ,14.70 ,15.45 ,14.19 ,17.34 ,16.98 ,17.22 ,15.92 ,15.63 ,95
#24,105250,P0123B2800850001,23.02.28,09:20~09:31,14.3,14.4,14.4,14.4,14.4,14.4,14.4,14.3,14.3,14.3,14.2,14.2,210,104,104,103,102,102,101,101,101,100,99.8,100,,166,166,170,172,172,170,170,169,169,172,172,,280,186,64,68,202,8,74,211,111,210,218,202,,47.48 ,45.38 ,46.16 ,47.78 ,48.79 ,46.23 ,48.24 ,47.87 ,48.58 ,46.33 ,5.17 ,6.96 ,6.32 ,4.95 ,4.69 ,5.71 ,4.98 ,4.44 ,4.83 ,5.80 ,17.48 ,19.32 ,18.69 ,17.37 ,16.93 ,18.79 ,17.52 ,16.63 ,18.34 ,19.01 ,95
#25,105250,P0123B2800860001,23.02.28,09:24~09:35,14.4,14.4,14.4,14.3,14.3,14.3,14.2,14.2,14.2,14.2,14.2,14.3,210,102,102,101,101,101,100,99.8,100,99.9,99.9,99.8,,172,172,170,170,169,169,172,172,164,152,152,,280,202,8,74,211,111,210,218,202,172,200,191,,46.15 ,47.40 ,46.69 ,47.39 ,47.14 ,48.08 ,47.63 ,49.75 ,47.86 ,47.74 ,6.89 ,5.21 ,4.89 ,3.52 ,4.69 ,4.11 ,4.12 ,3.79 ,4.88 ,4.64 ,19.15 ,18.24 ,15.44 ,13.40 ,17.07 ,14.94 ,14.07 ,15.42 ,17.29 ,15.13 ,95
#26,105250,P0123B2800870001,23.02.28,09:28~09:39,14.3,14.3,14.2,14.2,14.2,14.2,14.2,14.3,14.4,14.4,14.5,14.7,210,101,100,99.8,100,99.9,99.9,99.8,99.8,100,100,101,,169,169,172,172,164,152,152,152,146,151,153,,280,111,210,218,202,172,200,191,175,185,27,123,,49.44 ,46.83 ,46.06 ,45.70 ,47.23 ,47.33 ,48.53 ,48.84 ,47.99 ,47.73 ,3.92 ,5.67 ,5.88 ,6.28 ,5.01 ,4.56 ,3.71 ,4.28 ,3.14 ,4.92 ,16.39 ,18.48 ,18.89 ,20.19 ,18.20 ,16.48 ,16.02 ,17.32 ,14.48 ,17.69 ,95
#27,105250,P0123B2800880001,23.02.28,09:31~09:42,14.2,14.2,14.2,14.2,14.3,14.4,14.4,14.5,14.7,14.7,14.8,14.8,210,100,99.9,99.9,99.8,99.8,100,100,101,101,102,102,,172,164,152,152,152,146,151,153,143,146,150,,280,202,172,200,191,175,185,27,123,175,59.3,32.8,,49.91 ,50.72 ,51.79 ,49.89 ,51.10 ,48.89 ,48.76 ,50.02 ,49.23 ,49.77 ,2.68 ,2.48 ,1.97 ,2.72 ,2.16 ,3.27 ,3.01 ,3.10 ,2.53 ,3.04 ,15.21 ,14.30 ,13.58 ,15.30 ,12.64 ,15.89 ,15.20 ,15.98 ,12.42 ,14.10 ,95
#28,107860,P0123C0302910001,23.03.03,14:36~14:47,24.2,24.2,24.2,24.2,24.2,24.2,24.2,24.1,24.1,24.1,24.1,24.2,210,132,130,127,126,123,121,120,118,117,115,114,,156,158,160,164,165,162,164,164,159,164,166,,280,196,204,98.8,211,165,148,208,197,225,207,221,,42.13,39.99,41.55,43.14,39.48,40.05,41.26,39.68,43.37,41.21,3.06,4.14,4.6,3.73,5.02,5.06,4.89,6,3.53,4.76,11.94,13.06,14.97,12.85,15.33,15.44,15.73,17.31,13.13,14.78,95
#29,109030,P0123C0302880001,23.03.03,14:39~14:50,24.2,24.2,24.2,24.2,24.1,24.1,24.1,24.1,24.2,24.2,24.2,24.1,210,126,123,121,120,118,117,115,114,113,112,111,,164,165,162,164,164,159,164,166,167,166,169,,280,211,165,148,208,197,225,207,221,50.5,208,97.5,,42.99,43.35,42.22,42.32,43.14,46.93,43.26,43.78,41.96,41.64,1.49,1.62,2.11,2.13,1.62,0.84,1.89,1.75,2.57,2.1,10.96,10.36,11.05,10,8.94,8.97,10.4,10.64,10.98,10.65,95
#30,109030,P0123C0302870001,23.03.03,14:43~14:54,24.1,24.1,24.1,24.1,24.2,24.2,24.2,24.1,24.1,24.1,24.1,24.1,210,120,118,117,115,114,113,112,111,111,110,109,108,164,164,159,164,166,167,166,169,168,167,167,172,280,208,197,225,207,221,50.5,208,97.5,175,194,217,226,42.69,42.43,41.93,42.54,44.54,42.49,43.68,42.59,40.95,41.64,2.83,2.37,2.2,2.13,1.74,1.98,2.03,2.02,2.34,2.18,11.01,10.88,11.43,11.2,8.96,9.4,9.97,9.66,11.75,12.76,95
#31,109030,P0123C0302860001,23.03.03,14:47~14:58,24.2,24.2,24.2,24.1,24.1,24.1,24.1,24.1,24.2,24.1,24.1,24.2,210,114,113,112,111,111,110,109,108,108,107,107,107,166,167,166,169,168,167,167,172,173,172,171,174,280,221,50.5,208,97.5,175,194,217,226,24.8,95.3,230,211,42.5,40.73,44.27,44.54,42.69,41.81,41.47,43.8,43.18,45.02,2.37,3.31,2.28,2.56,2.9,2.95,2.9,1.99,2.55,1.39,10.28,12.59,10.6,11.81,12.22,13,11.94,9.94,11.31,8.24,95
#32,109030,P0123C0302850001,23.03.03,14:50~15:01,24.1,24.1,24.1,24.1,24.1,24.2,24.1,24.1,24.2,24.2,24.2,24.2,210,111,111,110,109,108,108,107,107,107,106,106,106,169,168,167,167,172,173,172,171,174,172,174,176,280,97.5,175,194,217,226,24.8,95.3,230,211,231,227,226,39.99,41.84,40.69,39.39,38.89,39.26,44.26,41.45,40.04,39.68,3.9,3.71,3.06,3.45,3.55,3.66,2.06,2.85,4.6,4.59,14.13,13.16,11.92,13.14,12.97,13.73,10.15,11.64,15.66,15.32,95
#33,109030,P0123C0302840001,23.03.03,14:54~15:05,24.1,24.2,24.1,24.1,24.2,24.2,24.2,24.2,24.1,24,23.9,23.8,210,108,108,107,107,107,106,106,106,105,105,105,,172,173,172,171,174,172,174,176,177,173,175,,280,226,24.8,95.3,230,211,231,227,226,183,214,224,,41.26,41.36,41.15,41.39,42.65,40.61,42.46,42.11,41.7,40.97,2.73,2.51,3.17,3.08,1.89,2.14,2.14,2.46,2.41,2.66,11.68,11.19,13.59,13.38,10.4,10.83,11.88,12.01,10.71,12.16,95
#34,109030,P0123C0302830001,23.03.03,14:58~15:09,24.2,24.2,24.2,24.2,24.1,24,23.9,23.8,23.7,23.8,23.8,23.9,210,107,106,106,106,105,105,105,105,105,104,105,,174,172,174,176,177,173,175,176,175,175,177,,280,211,231,227,226,183,214,224,220,214,221,218,,42.45,41.93,40.35,41.89,40.47,41.89,43.04,43.11,41.48,42.72,3.66,3.7,3.21,2.29,3.51,3.01,3.05,2.71,3.03,3.04,14.64,13.99,12.41,11.43,13.45,12.93,12.53,11.98,12.59,12.08,95
#35,105250,P0123C0302640001,23.03.03,15:01~15:12,24.2,24.1,24,23.9,23.8,23.7,23.8,23.8,23.9,24,24,24.1,210,106,105,105,105,105,105,104,105,105,104,104,,176,177,173,175,176,175,175,177,176,175,175,,280,226,183,214,224,220,214,221,218,208,246,221,,43.8,41.67,40.89,43.24,38.53,42.71,38.63,39.78,41.23,42.93,3.43,4.83,5.82,2.98,6.21,3.98,5.5,5.17,3.87,3.05,16.37,19.86,22.33,22.56,23.06,20.49,22.17,23.64,27.42,24.48,95
#36,105250,P0123C0302650001,23.03.03,15:05~15:16,23.8,23.7,23.8,23.8,23.9,24,24,24.1,24.1,24.2,24.3,24.3,210,105,105,104,105,105,104,104,104,105,104,105,,176,175,175,177,176,175,175,173,162,162,162,,280,220,214,221,218,208,246,221,204,74.3,214,219,,41.91,41.82,42.7,42.06,41.26,43.85,42.79,43.56,40.14,41.81,3.12,3.18,1.63,2.36,2.13,2.38,1.73,1.38,4.63,2.5,23.97,24.76,28.55,25.88,22.16,17.06,20.38,19.79,24.3,20.81,95
#37,105250,P0123C0302660001,23.03.03,15:09~15:20,23.9,24,24,24.1,24.1,24.2,24.3,24.3,24.3,24.4,24.4,24.4,210,105,105,104,104,104,105,104,105,105,106,106,107,177,176,175,175,173,162,162,162,157,158,162,161,280,218,208,246,221,204,74.3,214,219,10.8,64.8,36.5,,42.57,43.42,42.61,42.56,41.13,42.01,42.57,41.72,42.43,41.81,1.75,1.74,2.39,2.02,1.14,1.9,1.62,1.46,1.82,2.78,21.42,21.66,26.04,25.57,24.15,28.05,22.39,27.47,24.2,19.73,95
#38,105250,P0123C0600150001,23.03.06,09:20~09:31,14.9,14.9,15,14.9,14.9,14.9,14.9,14.9,14.9,14.9,14.9,14.9,210,106,106,106,106,105,105,105,104,104,103,103,,163,163,165,166,165,165,165,169,167,166,170,,280,204,238,242,228,227,214,218,242,178,179,163,,44.38,41.3,43.72,42.82,43.84,45.57,43.87,40.87,44.12,43.52,2.77,4.86,2.08,1.97,2.39,2.26,2.56,4.23,2.72,2.31,24.05,24.28,28.06,26.7,18.31,20.13,21.85,23.21,22.05,21.77,95
#39,105250,P0123C0600160001,23.03.06,09:24~09:35,14.9,14.9,14.9,14.9,14.9,14.9,14.9,14.9,14.9,14.9,14.9,14.9,210,106,105,105,105,104,104,103,103,103,102,100,101,166,165,165,165,169,167,166,170,172,168,169,170,280,228,227,214,218,242,178,179,163,190,93,207,226,41.9,42.34,43.04,40.69,43.15,42.52,44.62,44.12,42.08,42.06,2.59,2.32,2.17,3.72,2.24,1.44,0.95,1,2.81,2.98,21.95,28.57,29.03,27.48,28.1,28.36,22.25,26.72,26.31,27.27,95
#40,105710,P0123C0600240001,23.03.06,09:28~09:39,14.9,14.9,14.9,14.9,14.9,14.9,14.9,14.9,15,15,15,15.2,210,104,104,103,103,103,102,100,101,100,99.3,99.8,99.4,169,167,166,170,172,168,169,170,166,161,161,164,280,242,178,179,163,190,93,207,226,53,95.3,85.5,216,43.53,43.06,42.76,42.32,38.22,44.98,45,44.23,43.09,41.45,4.36,4.04,3.05,4.67,6.71,3.11,3.34,3.87,3.63,4.51,17.14,17.09,13.49,17.18,20.08,14.31,14.77,16.82,14.76,16.82,95
#41,105710,P0123C0600230001,23.03.06,09:31~09:42,14.9,14.9,14.9,14.9,14.9,15,15,15,15.2,15.3,15.4,15.5,210,103,103,102,100,101,100,99.3,99.8,99.4,99.4,99.7,100,170,172,168,169,170,166,161,161,164,163,162,158,280,163,190,93,207,226,53,95.3,85.5,216,114,146,153,41.9,43.23,43.67,39.09,43.41,43.79,41.69,39.53,39.75,38.9,4.77,3.57,3.5,4.6,4.32,4.95,5.75,6.71,6.59,6.87,17.62,16.14,13.81,19.71,16.8,17.22,18.66,20.57,19.75,19.9,95
#42,105710,P0123C0600220001,23.03.06,09:35~09:46,14.9,15,15,15,15.2,15.3,15.4,15.5,15.7,15.8,15.9,16.1,210,101,100,99.3,99.8,99.4,99.4,99.7,100,100,101,101,,170,166,161,161,164,163,162,158,154,151,157,,280,226,53,95.3,85.5,216,114,146,153,38.8,191,104,,40.35,42.27,40.3,40.82,43.63,44.64,43.68,45.49,43.12,42.71,6.69,4.23,5.21,4.75,3.19,2.66,3.9,3.27,3.54,5.56,19.76,14.03,17.06,16.21,12.43,11.48,17.99,14.59,13.41,16.97,95
#43,105250,P0123C0800330001,23.03.08,09:39~09:50,21.3,10.6,21.2,21.2,21.1,21.1,21,20.9,20.9,20.9,20.9,20.9,210,113,113,112,111,111,108,108,107,106,105,105,,158,162,162,167,167,167,167,167,167,167,170,171,280,219,243,218,221,211,214,228,208,230,236,211,225,37.81,38.8,38.13,38.38,39.52,40.32,36.85,38.31,40.57,40.49,7.8,7.35,6.95,7.26,7.12,6.95,9.39,7.83,5.89,7.09,20.95,18.51,21.14,19.26,18.73,19.91,20.93,20.21,19.13,20.49,90
#44,105250,P0123C0800370001,23.03.08,09:43~09:54,21.1,21.1,21,20.9,20.9,20.9,20.9,20.9,21,21,21,21.1,210,111,111,108,108,107,106,105,105,104,103,103,103,167,167,167,167,167,167,170,171,169,170,169,173,280,211,214,228,208,230,236,211,225,244,234,229,240,41.33,42.72,38.31,38.3,43.35,39.5,39.32,40.66,41.23,43.79,6.21,4.9,7.97,6.89,4.75,7.12,7.46,5.98,5.87,4.61,21.08,17.45,22.18,20.32,16.98,19.48,20.59,20.03,20.1,17.63,90
#45,105250,P0123C0800380001,23.03.08,09:47~09:58,20.9,20.9,20.9,20.9,21,21,21,21.1,21.1,21.1,21.1,21.2,210,107,106,105,105,104,103,103,103,103,103,102,,167,167,170,171,169,170,169,173,171,171,172,,280,230,236,211,225,244,234,229,240,105,195,180,,39.55,41.11,41.1,44.85,41.94,42.28,39.01,41.1,46.07,43.15,6.59,6.11,5.26,3.34,4.62,4.62,6.18,4.86,3.55,5.8,20.62,18.2,17.59,16.69,16.66,16.24,19.31,16.64,14.94,18.88,70
#46,105250,P0123C0800420001,23.03.08,09:50~10:01,20.9,21,21,21,21.1,21.1,21.1,21.1,21.2,21.2,21.3,21.3,210,105,104,103,103,103,103,103,102,101,101,101,,171,169,170,169,173,171,171,172,165,154,154,,280,225,244,234,229,240,105,195,180,40.5,131,58.3,,40.59,43.04,40.58,41.09,39.69,40.13,39.32,42.04,42.45,41.59,5.46,4.5,6.55,6.64,5.81,5.07,7.33,4.75,4.64,4.64,19.74,18.05,19.94,19.71,18.88,18.11,21.31,18.24,17.5,17.85,85
#47,105250,P0123C0800410001,23.03.08,09:54~10:05,21.1,21.1,21.1,21.1,21.2,21.2,21.3,21.3,21.3,21.4,21.4,21.5,210,103,103,103,102,101,101,101,102,103,103,102,,173,171,171,172,165,154,154,158,160,160,168,,280,240,105,195,180,40.5,131,58.3,215,97.3,165,215,,41.83,40.34,43.23,42.12,43.05,42.26,40.05,40.65,38.23,42.7,4.88,6.16,4.35,5.03,4.64,5.48,5.82,5.75,8.03,4.95,16.16,17.96,16.28,17.65,16.02,17.83,17.74,17.07,20.1,17.51,85
#48,105250,P0123C0800400001,23.03.08,09:58~10:09,21.2,21.2,21.3,21.3,21.3,21.4,21.4,21.5,21.6,21.6,21.6,21.6,210,102,101,101,101,102,103,103,102,104,105,104,104,172,165,154,154,158,160,160,168,171,166,168,171,280,180,40.5,131,58.3,215,97.3,165,215,38.8,88.3,141,225,38.11,37.41,38.09,36.11,41.61,41.54,40.29,39.1,37.61,37.79,8.25,7.89,7.46,8.79,6.34,5.81,6.62,7.99,8.05,7.36,20.69,20.69,21.14,21.08,19.3,19.33,18.56,18.25,20.6,18.04,85
#49,105250,P0123C0800390001,23.03.08,10:01~10:12,21.3,21.3,21.4,21.4,21.5,21.6,21.6,21.6,21.6,21.7,21.7,21.7,210,101,102,103,103,102,104,105,104,104,104,105,105,154,158,160,160,168,171,166,168,171,169,166,162,280,58.3,215,97.3,165,215,38.8,88.3,141,225,121,76.5,32.3,38.46,38.22,37.84,38.47,36.34,40.73,39.87,42.24,36.66,39.95,8.59,8.63,7.3,7.58,9.32,5.51,5.97,4.98,8.21,7.02,22.85,21.35,19.87,19.1,22.66,17.54,18.12,15.96,20.36,19.39,90
#50,104900,P0123C0800480001,23.03.08,10:16~10:27,22,22.1,22.2,22.3,22.3,22.4,22.4,22.4,22.4,22.5,22.5,22.6,210,106,106,107,107,108,108,108,109,109,109,109,,164,154,155,159,161,156,161,161,153,152,152,,280,134,58.8,102,99.3,72,75.3,170,92.8,92,197,,,40.92,41.33,41.28,42.8,42.93,42.75,39.29,40.13,43.92,43.85,5.24,3.9,3.81,3.21,4.46,4.12,5.38,5.32,4.19,3.77,18.19,15.63,16.04,15.03,18.6,17.17,18.56,19.15,17.14,16.53,95
#51,104900,P0123C0800470001,23.03.08,10:20~10:31,22.3,22.4,22.4,22.4,22.4,22.5,22.5,22.6,22.8,22.8,22.8,22.8,210,108,108,108,109,109,109,109,109,109,110,110,,161,156,161,161,153,152,152,152,149,152,154,,280,72,75.3,170,92.8,92,197,10.5,83.5,87.8,159,,,42.97,41.94,43.28,39.08,39.12,37.21,39.7,42.35,42,37.95,4.36,5.11,3.99,6.34,5.76,7.86,5.75,4.49,5.07,6.91,16.33,17.5,15.52,18.48,17.95,19.31,16.91,16.45,17.09,18.64,95
#52,104900,P0123C0800460001,23.03.08,10:23~10:34,22.4,22.4,22.5,22.5,22.6,22.8,22.8,22.8,22.8,22.8,22.8,22.8,210,108,109,109,109,109,109,109,110,110,111,110,111,161,161,153,152,152,152,149,152,154,156,150,153,280,75.3,170,92.8,92,197,10.5,83.5,87.8,159,173,98.8,188,42.32,38.5,43.99,43.38,44.05,45.57,42.77,43.5,39.54,40.93,3.55,5.57,4.79,4.47,3.51,2.82,4.96,4.33,6.14,6.67,14.43,17.36,16.78,15.78,14.52,12.26,17.42,15.39,17.29,19.6,95
#53,104900,P0123C0800450001,23.03.08,10:27~10:38,22.6,22.8,22.8,22.8,22.8,22.8,22.8,22.8,22.8,22.8,22.9,22.9,210,109,109,109,110,110,111,110,111,111,112,113,113,152,152,149,152,154,156,150,153,149,146,151,155,280,197,10.5,83.5,87.8,159,173,98.8,188,86,76.5,99.8,,40.47,43.74,41.08,41.78,41.11,38.65,41.53,42.54,38.91,39.48,6.54,4.49,5.66,6.04,5.33,7.33,4.74,4.69,7.23,7.72,19.67,16.47,18.81,17.69,17.64,19.81,17.68,18.2,19.74,21.53,95
#54,104900,P0123C0800440001,23.03.08,10:31~10:42,22.8,22.8,22.8,22.8,22.8,22.8,22.9,22.9,22.9,23,23,23,210,110,111,110,111,111,112,113,113,113,113,113,,154,156,150,153,149,146,151,155,151,150,150,,280,159,173,98.8,188,86,76.5,99.8,64,179,202,,,40.06,41.91,44.55,43.24,42.95,41.64,40.11,40.11,41.46,42.54,4.79,4.53,4.21,4.07,4.51,5.48,6.12,6.76,5.74,4.45,17.98,18.29,17.03,16.26,16.88,17.82,18.96,20.92,17.55,15.61,95
#55,104900,P0123C0800430001,23.03.08,10:34~10:45,22.8,22.8,22.8,22.9,22.9,22.9,23,23,23,23.1,23.1,23.1,210,111,111,112,113,113,113,113,113,113,113,112,,153,149,146,151,155,151,150,150,153,149,153,,280,188,86,76.5,99.8,64,179,202,150,51.3,43.3,,,39.58,39.41,38.08,39.58,37.81,40.2,38.16,42.68,40.28,38.54,6.34,6.11,6.53,6.42,6.77,6.04,8.03,4.81,6.69,7.21,19.3,17.43,17.74,17.35,19.95,19.13,20.95,17.62,20.72,18.98,95
#56,104900,P0123C0800490001,23.03.08,10:38~10:49,22.9,22.9,23,23,23,23.1,23.1,23.1,23.2,23.2,23.3,23.3,210,113,113,113,113,113,113,112,113,112,112,113,,155,151,150,150,153,149,153,151,151,151,152,,280,99.8,64,179,202,150,51.3,43.3,212,197,84.3,204,,43.09,39.5,41.64,39.39,45.04,41.53,41.75,41.74,40.83,39.8,2.9,6.29,5.45,5.3,2.29,5.23,5.6,4.17,5.87,6.08,15.6,20.5,18.43,19.29,15.67,19.51,18.15,15.3,19.27,20.26,95
#57,104900,P0123C0800500001,23.03.08,10:42~10:53,23,23.1,23.1,23.1,23.2,23.2,23.3,23.3,23.3,23.3,23.4,23.4,210,113,113,113,112,113,112,112,113,113,112,113,112,150,153,149,153,151,151,151,152,151,145,151,152,280,202,150,51.3,43.3,212,197,84.3,204,199,197,104,,40.31,41.54,41.24,38.68,40.65,40.5,41.79,42.84,40.46,38.63,7.33,6.41,6.13,7.32,6.47,6.22,4.95,4.83,5.74,6.92,18.74,18.92,15.93,19.07,19.08,18.41,16.43,15.89,16.75,18.89,95
#58,104900,P0123C0800510001,23.03.08,10:45~10:56,23.1,23.2,23.2,23.3,23.3,23.3,23.3,23.4,23.4,23.4,23.4,23.4,210,112,113,112,112,113,113,112,113,112,113,113,114,153,151,151,151,152,151,145,151,152,148,149,150,280,43.3,212,197,84.3,204,199,197,104,192,131,134,,39.58,39.44,42.06,41.98,38.76,40.47,39.02,41.2,43.24,37.3,6.38,6.69,4.72,4.48,7.54,6.11,7.16,4.93,4.37,9.53,17.96,18.09,15.89,15.98,17.34,17.35,20.35,15.76,15.53,20.02,95
#59,104900,P0123C0800520001,23.03.08,10:49~11:00,23.3,23.3,23.3,23.4,23.4,23.4,23.4,23.4,23.5,23.5,23.5,23.6,210,113,113,112,113,112,113,113,114,114,113,113,,152,151,145,151,152,148,149,150,150,148,153,,280,204,199,197,104,192,131,134,174,191,78.3,,,40.76,38.96,40.96,39.39,38.25,40.14,40.13,39.74,39.26,45.22,5.56,6.26,6.04,7.05,6.65,5.55,7.06,6.37,7.65,3.9,16.96,17.79,17.82,17.35,18.1,16.86,20.23,17.34,21.83,15.27,95
#60,104900,P0123C0800530001,23.03.08,10:53~11:04,23.4,23.4,23.4,23.4,23.5,23.5,23.5,23.6,23.7,23.7,23.7,23.8,210,112,113,113,114,114,113,113,113,114,113,114,,152,148,149,150,150,148,153,155,148,152,154,,280,104,192,131,134,174,191,78.3,180,179,51.3,201,,44.2,41.22,39.95,41.74,39.83,39.08,42.13,38.86,41.06,41.74,3.66,5.47,6.82,6.08,6.91,7.41,5.31,7.24,6.23,5.87,14.3,17.05,20.15,17.58,18.88,19.03,17.81,19.09,18.8,18.54,95
#61,104900,P0123C0800540001,23.03.08,10:56~11:07,23.5,23.5,23.5,23.6,23.7,23.7,23.7,23.8,23.8,23.8,23.9,,210,114,113,113,113,114,113,114,114,114,114,,,150,148,153,155,148,152,154,158,154,159,,,280,134,174,191,78.3,180,179,51.3,201,177,67.8,65.5,,39.77,37.33,36.34,40.85,43.94,40.03,38.55,38.91,38.21,39.22,5.9,8.51,8,5.56,4.51,5.98,6.85,7.4,7.24,6.75,15.6,19.3,19.85,17.8,16.94,17.51,17.29,17.97,19.27,17.85,95
#62,105250,P0123C0900330001,23.03.09,09:41~09:52,24.2,24.2,24.2,24.2,24.2,24.1,24.2,24.2,24.2,24.2,24.2,24.2,210,117,116,116,115,115,114,115,113,112,112,112,,168,167,167,167,167,164,163,165,166,166,166,,280,86.8,90.8,212,226,179,212,203,114,196,195,192,,45.4,43.37,40.05,40.37,35.39,43.77,38.45,38.54,39.25,41.07,2.3,2.77,6.46,6.26,9.32,3.02,7.18,8.08,7.03,5.37,12.82,16.57,17.75,17.77,20.61,13.67,20.92,20.71,19.26,17.03,95
#63,114520,P0123C0900370001,23.03.09,09:45~09:56,24.2,24.1,24.2,24.2,24.2,24.2,24.2,24.2,24.2,24.2,24.3,24.3,210,115,115,114,115,113,112,112,112,113,112,113,113,167,167,164,163,165,166,166,166,159,157,163,164,280,226,179,212,203,114,196,195,192,10.5,103,68,63.5,37.98,36.79,40.04,38.83,41.38,40.69,35.79,38.53,36.41,41.85,6.02,6.58,4.71,5.74,4.02,5.43,7.59,6.23,6.14,3.85,17.2,17.81,15.62,17.18,15.29,16.62,19.29,17.07,16.08,13.25,
#64,114520,P0123C0900380001,23.03.09,09:48~09:59,24.2,24.2,24.2,24.2,24.2,24.2,24.2,24.3,24.3,24.3,24.4,24.4,210,115,113,112,112,112,113,112,113,113,113,113,112,163,165,166,166,166,159,157,163,164,157,156,156,280,203,114,196,195,192,10.5,103,68,63.5,72.5,85.8,147,38.99,38.45,39.31,39.72,39.39,38.82,37.89,39.94,37.21,39.51,5.01,4.72,4.98,4.47,5.64,5.62,6.75,5.36,6.26,5.09,15.66,14.79,15.03,14.15,15.93,16.07,16.51,15.11,17.1,16.21,
#65,114520,P0123C0900390001,23.03.09,09:52~10:03,24.2,24.2,24.2,24.3,24.3,24.3,24.4,24.4,24.4,24.4,24.4,24.6,210,112,113,112,113,113,113,113,112,112,113,112,112,166,159,157,163,164,157,156,156,164,166,172,171,280,192,10.5,103,68,63.5,72.5,85.8,147,52.5,224,74,106,43.49,40.1,40.41,40.81,41.42,42.83,40.15,42.89,41.64,42.49,2.56,3.56,4.63,3.45,3.18,3.17,4.61,2.9,3.01,3.74,11.26,12.62,15.07,13.19,12.67,12.06,14.46,11.16,11.32,14.23,
#66,114520,P0123C0900400001,23.03.09,09:56~10:07,24.3,24.3,24.4,24.4,24.4,24.4,24.4,24.6,24.6,24.7,24.7,24.8,210,113,113,113,112,112,113,112,112,111,111,111,,164,157,156,156,164,166,172,171,160,163,168,,280,63.5,72.5,85.8,147,52.5,224,74,106,53.5,115,134,,37.27,37.71,38.26,37.09,38.78,37.18,36.09,38.72,36.28,36.33,6.44,5.27,6.12,6.27,6.46,6.16,6.06,5.69,7.23,7.11,17.73,15.06,16.24,16.32,16.4,17.26,16.05,16.88,17.75,17.95,
#67,114520,P0123C0900410001,23.03.09,09:59~10:10,24.4,24.4,24.4,24.4,24.6,24.6,24.7,24.7,24.8,24.8,24.9,24.9,210,112,112,113,112,112,111,111,111,110,110,110,,156,164,166,172,171,160,163,168,160,161,166,,280,147,52.5,224,74,106,53.5,115,134,70.3,85.5,48.3,,41.52,42.61,38.9,39.81,41.44,43.95,40.13,39.71,39.25,38.26,4.36,3.07,5.37,4.85,4.61,3.29,4.7,5.38,6.36,6.37,13.66,11.11,15.43,14.49,13.87,11.63,13.9,15.4,16.52,16,
#68,114520,P0123C0900420001,23.03.09,10:03~10:14,24.6,24.6,24.7,24.7,24.8,24.8,24.9,24.9,24.9,24.9,24.9,25,210,112,111,111,111,110,110,110,110,112,112,114,,171,160,163,168,160,161,166,167,167,167,167,,280,106,53.5,115,134,70.3,85.5,48.3,132,148,159,,,39.06,40.3,38.9,41.3,39.8,40.45,41.7,39.83,44.36,41.89,3.27,3.64,5.57,4.64,5.03,4.5,5.28,6.53,3.31,4.19,12.83,14.16,15.12,13.85,14.81,14.33,14.05,16.65,17.99,20.72,
#69,105190,P0123C0900510001,23.03.09,10:14~10:25,25,25.1,25.2,25.2,25.3,25.3,25.3,25.3,25.3,25.3,25.3,25.3,210,114,115,115,117,117,118,118,118,117,117,116,116,167,151,152,154,154,149,160,165,165,156,158,158,280,159,37,71.3,111,214,96.8,149,178,141,205,,,43.5,43.51,45.15,43.97,44.36,43.44,42.05,40.84,39.61,41.55,2.73,2.33,2.82,3.21,2.83,3.09,3.89,3.75,4.76,4.25,22.32,18.44,17.42,19.28,17.36,22.61,19.21,19.42,19.68,19.51,95
#70,105190,P0123C0900520001,23.03.09,10:17~10:28,25.2,25.3,25.3,25.3,25.3,25.3,25.3,25.3,25.3,25.3,25.4,25.4,210,117,117,118,118,118,117,117,116,116,115,115,,154,154,149,160,165,165,156,158,158,159,159,,280,71.3,111,214,96.8,149,178,141,205,175,204,195,,41.27,41.05,41.69,42.26,41.41,43.17,42.91,44.35,41.18,43.63,5.05,4.15,4.9,4.34,3.32,2.83,2.53,2.91,3.99,3.21,22.81,19.96,22.95,22.47,22.53,20.31,16.85,16.84,16.46,15.76,95
#71,105190,P0123C0900530001,23.03.09,10:21~10:32,25.3,25.3,25.3,25.3,25.3,25.3,25.4,25.4,25.4,25.4,25.4,12.7,210,118,117,117,116,116,115,115,115,115,115,114,,165,165,156,158,158,159,159,159,159,159,159,,280,149,178,141,205,175,204,195,212,174,207,199,,39.42,44.57,39.4,43.42,44.05,42.11,40.15,41.18,41.48,40.58,6.29,2.46,5.04,3.1,2.9,3.98,5.19,3.91,4.9,5.32,20.91,16.9,21.79,20.31,21.83,22.3,23.55,18.15,24.46,24.75,95
#72,105190,P0123C0900540001,23.03.09,10:25~10:36,25.3,25.3,25.4,25.4,25.4,25.4,25.4,12.7,25.4,25.5,25.5,25.5,210,116,115,115,115,115,115,114,116,116,116,115,,158,159,159,159,159,159,159,159,159,159,156,,280,175,204,195,212,174,207,199,171,196,186,127,,45.87,45.25,43.85,43.36,43.34,44.64,44.57,43.73,45.68,43.3,0.85,1.52,1.94,2.18,1.325,0.57,1.56,1.99,1.6,2.99,20.64,16.26,19.42,18.06,24.43,19.71,16.25,21.29,14.99,20.45,95
#73,105190,P0123C0900550001,23.03.09,10:28~10:39,25.4,25.4,25.4,25.4,12.7,25.4,25.5,25.5,25.5,25.5,25.5,25.5,210,115,115,115,115,114,116,116,116,115,115,115,116,159,159,159,159,159,159,159,159,156,157,158,158,280,195,212,174,207,199,171,196,186,127,67.8,77.5,191,39.5,40.48,39.67,38.02,40.5,39.08,39.66,40.19,39.56,42.12,5.12,4.9,6.06,6.7,5.1,6.43,5.53,5.52,5.31,3.62,22.8,20.14,20.26,24.07,23.62,23.45,19.12,22.5,22.55,19.98,95
#74,105190,P0123C0900580001,23.03.09,10:39~10:50,25.5,25.5,25.5,25.5,25.5,25.6,25.6,25.6,25.6,25.7,25.8,25.7,210,116,116,115,115,115,116,116,115,115,115,114,,158,158,156,160,160,160,160,160,160,160,156,,280,191,181,174,201,192,177,193,204,165,190,50.5,,44,43.79,43.88,44.31,42.41,41.81,43.47,42.12,44.59,42.66,2.9,2.41,2.22,2.18,2.46,3.03,2.41,2.88,2.55,3.39,19.65,21.73,19.44,19.38,18.67,24.37,18.84,21.17,17.66,18.92,95
#75,104900,P0123C0900970001,23.03.09,10:43~10:54,25.5,25.6,25.6,25.6,25.6,25.7,25.8,25.7,25.7,25.7,25.7,25.7,210,115,116,116,115,115,115,114,115,116,115,115,,160,160,160,160,160,160,156,159,159,159,159,,280,192,177,193,204,165,190,50.5,90.8,188,178,179,,40.31,42.7,42.5,40.77,42.9,40.8,41.04,41.47,44.79,41.61,7.37,5.56,6.02,6.27,6.38,7.4,6.17,5.46,4.77,5.67,19.16,18,18.49,19,19.53,20.79,19.63,18.85,16.78,17.44,95
#76,104900,P0123C0900980001,23.03.09,10:47~10:58,25.6,25.7,25.8,25.7,25.7,25.7,25.7,25.7,25.8,25.8,25.8,25.9,210,115,115,115,114,115,116,115,115,116,116,115,116,160,160,160,156,159,159,159,159,159,152,154,160,280,204,165,190,50.5,90.8,188,178,179,178,83,192,64.8,43.35,41.54,40.79,37.83,39.84,40.7,42.74,43.29,43.47,41.85,5.4,5.23,6.44,8.39,6.98,5.88,4.63,3.5,4.63,5.35,19.42,19.54,21.29,23.07,21.12,19.53,19.24,16.04,17.04,18.53,95
#77,104900,P0123C0900990001,23.03.09,10:50~11:01,25.7,25.7,25.7,25.7,25.7,25.8,25.8,25.8,25.9,25.9,12.9,25.9,210,114,115,116,115,115,116,116,115,116,116,116,116,156,159,159,159,159,159,152,154,160,160,160,161,280,50.5,90.8,188,178,179,178,83,192,64.8,163,189,186,41.21,44.37,37.73,40.52,42.46,43.56,40.42,40.41,39.71,41.21,6.51,5.06,7.78,6.17,5.9,5.73,6.14,6.21,7.45,6.37,18.99,17.17,20.2,19.34,19.22,19.05,18.61,19.01,19.74,17.12,95
#78,105120,P0123C1501730001,23.03.15,13:48~13:59,28.6,28.4,28.3,28.2,28.2,28.1,28.1,28.1,28.1,28.1,28.1,28.1,210,119,119,118,117,117,115,115,113,114,113,112,112,170,169,170,174,174,166,168,170,168,166,169,168,280,175,33.5,115,118,194,125,124,185,67.5,121,117,157,44.44,46.57,42.52,47.86,46.16,45,41.29,42.14,45.14,46.82,5.12,3.35,5.65,2.08,2.87,3.24,5.96,5.42,3.98,2.76,22.44,18.29,21.87,13.42,16.93,18.63,20.84,20.49,18.92,16.07,95
#79,112470,P0123C1501740001,23.03.15,13:51~14:02,28.2,28.2,28.1,28.1,28.1,28.1,28.1,28.1,28.1,28.1,28.1,28.1,210,117,117,115,115,113,114,113,112,112,111,111,111,174,174,166,168,170,168,166,169,168,163,168,171,280,118,194,125,124,185,67.5,121,117,157,135,125,175,37.75,37.95,39.82,39.39,40.79,39.51,34.86,33.79,37.18,37.05,4.45,4.73,4.18,3.37,2.99,4.49,6.73,6.62,4.14,6.13,18,19.02,18.38,16.64,15.28,18.89,19.1,18.75,19.38,17.62,95
#80,112470,P0123C1501750001,23.03.15,13:55~14:06,28.1,28.1,28.1,28.1,28.1,28.1,28.1,28.1,28.1,0,28.1,28,210,113,114,113,112,112,111,111,111,111,111,111,,170,168,166,169,168,163,168,171,169,173,177,,280,185,67.5,121,117,157,135,125,175,34,118,78,,32.9,37.55,34.18,37.2,33.77,33.81,34.84,39.19,38.31,34.98,9.98,5.76,7.65,5.77,8.45,8.96,7.83,5.09,5.09,7.55,20.45,19.51,17.76,16.64,18.55,20.62,20.96,16.45,17.71,17.25,95
#81,112470,P0123C1501760001,23.03.15,13:59~14:10,28.1,28.1,28.1,28.1,28.1,0,28.1,28,28,28,28,28,210,112,111,111,111,111,111,111,111,111,111,111,,168,163,168,171,169,173,177,176,176,176,180,,280,157,135,125,175,34,118,78,119,116,21.3,197,,33.68,36.77,31.37,36.79,37.54,35.19,37.57,33.02,36.57,36.07,9.47,6.67,10.44,6.76,6.04,6.92,6.16,9.36,5.37,7.14,24.31,18.4,23.84,19.11,18.45,18.84,18.56,21.93,17.1,19.57,95
#82,112470,P0123C1501770001,23.03.15,14:02~14:13,28.1,28.1,0,28.1,28,28,28,28,28,28,28,28,210,111,111,111,111,111,111,111,111,111,111,110,,171,169,173,177,176,176,176,180,178,178,181,,280,175,34,118,78,119,116,21.3,197,90.5,110,124,,33.16,33.87,36.31,37.93,36.46,32.91,38.05,43.33,41.73,36.42,8.16,7.76,6.19,5.05,5.23,8.87,5.36,1.93,4.18,5.81,20.23,17.31,18.73,16.56,13.9,21.67,17.82,12.16,17.91,18.19,95
#83,112470,P0123C1501780001,23.03.15,14:06~14:17,28,28,28,28,28,28,28,28,28,28.1,0,28.1,210,111,111,111,111,111,111,110,110,109,109,109,,177,176,176,176,180,178,178,181,178,176,177,178,280,78,119,116,21.3,197,90.5,110,124,78.5,116,104,139,38.01,37.17,37.24,35.74,37.16,38.76,33.67,35.71,35.92,35.88,5.82,5.65,6.6,7.39,5.78,5.66,9.05,7.82,7.27,6.57,18.31,17.61,19.52,20.01,16.54,17.53,16.81,21.81,18.87,18.59,95
#84,112470,P0123C1501790001,23.03.15,14:10~14:21,28,28,28,28,28,28.1,0,28.1,28.1,28.1,28,28,210,111,111,111,110,110,109,109,109,109,108,107,107,180,178,178,181,178,176,177,178,178,177,180,179,280,197,90.5,110,124,78.5,116,104,139,81.5,126,117,100,35.42,33.29,34.11,32.23,35.5,34.41,35.27,35.28,34.85,35.75,6.87,8.01,8.06,10.32,7.53,7.81,8.24,6.8,7.38,7,19.71,17.96,18.2,23.2,19.67,21.19,19.67,19.45,19.32,17.85,95
#85,105680,P0123C1501940001,23.03.15,14:13~14:24,28,28,28.1,0,28.1,28.1,28.1,28,28,28,28,27.9,210,110,110,109,109,109,109,108,107,107,107,108,108,181,178,176,177,178,178,177,180,179,175,179,180,280,124,78.5,116,104,139,81.5,126,117,100,115,112,234,38.95,39.04,39.94,41.02,40.24,39.51,39.38,38.63,42.34,43.06,6.6,7.48,6.93,6.29,6.97,6.41,5.97,7.23,5.36,5.24,17.33,20.39,19.74,18.44,17.39,16.74,16.87,17.59,16.53,16.78,95
#86,105680,P0123C1501950001,23.03.15,14:17~14:28,28.1,28.1,28.1,28,28,28,28,27.9,27.9,27.9,27.9,28,210,109,109,108,107,107,107,108,108,108,107,107,,178,178,177,180,179,175,179,180,176,178,179,,280,139,81.5,126,117,100,115,112,234,120,105,124,,41.08,42.22,39.79,38.65,37.78,38.49,40.07,40.27,37.54,37.33,4.96,4.96,5.99,6.1,7.72,7.38,5.54,5.77,7.2,8.33,18.49,17.62,18.37,17.84,19.8,21.86,17.4,18.04,20.68,22,95
#87,105680,P0123C1501960001,23.03.15,14:21~14:32,28,28,28,27.9,27.9,27.9,27.9,28,27.9,27.9,27.9,28,210,107,107,108,108,108,107,107,107,106,107,107,,179,175,179,180,176,178,179,178,175,176,179,,280,100,115,112,234,120,105,124,37.3,142,167,150,,37.93,35.82,35.25,36.67,35.29,39.6,36.83,36.23,38.9,39.26,7.28,9.13,8.63,6.97,9.06,6.74,8.5,9.22,6.57,6.63,20.22,22.14,22.47,20.88,20.76,19.57,21.85,22.51,19.5,20.38,95
#88,105680,P0123C1501970001,23.03.15,14:24~14:35,27.9,27.9,27.9,27.9,28,27.9,27.9,27.9,28,28,28.1,28.1,210,108,108,107,107,107,106,107,107,106,106,106,,180,176,178,179,178,175,176,179,177,177,177,,280,234,120,105,124,37.3,142,167,150,26.5,116,119,,41.63,40.3,40.26,41.24,43.18,41.04,38.83,38.18,38.92,38,4.33,6.27,7.11,6.31,4.33,5.89,6.58,6.68,6.37,6.54,15.75,18.66,20.33,18.84,16.2,17.07,18.97,17.87,16.99,16.24,95
#89,105680,P0123C1501980001,23.03.15,14:28~14:39,28,27.9,27.9,27.9,28,28,28.1,28.1,28,28,28,27.9,210,107,107,106,107,107,106,106,106,106,106,107,107,179,178,175,176,179,177,177,177,177,173,179,178,280,124,37.3,142,167,150,26.5,116,119,99,150,51,121,36.73,39.11,38.56,39.24,38.78,38.17,37.73,40.06,40.45,40.19,8.41,5.73,6.16,6.21,6.49,6.97,7.15,4.48,5.19,5.35,20.7,16.67,17.74,17.11,18.99,20.5,20.38,16.16,16.63,16.46,95
#90,105680,P0123C1501990001,23.03.15,14:32~14:43,28,28,28.1,28.1,28,28,28,27.9,28,28.1,28.1,28.1,210,107,106,106,106,106,106,107,107,106,107,108,107,179,177,177,177,177,173,179,178,175,179,180,179,280,150,26.5,116,119,99,150,51,121,175,105,146,65.8,42.04,40.33,38.77,41.12,39.35,37.31,40.1,42.17,40.34,39.38,4.24,5.22,6.95,5.42,7.29,8.66,6.85,4.52,5.42,6.52,13.99,16.9,20.25,16.55,20.02,22.26,18.84,17.12,16.55,18.45,95
#91,105710,P0123C1502060001,23.03.15,14:43~14:54,28.1,28.1,28.1,28.1,28.1,28,28,28,28,28,28,28.1,210,107,108,108,107,107,107,108,109,109,108,108,,179,175,180,181,177,178,181,178,172,173,179,,280,65.8,204,128,153,104,175,127,58.3,149,141,114,,38.6,39.17,42.32,38.84,39.85,39.64,40.43,42.31,39.12,38.64,7.58,6.82,4.28,7.59,7.43,7.26,7.22,5.77,7.63,7.34,19.87,21.11,17.86,20.93,21.4,19.69,21.01,19.38,22.95,21.49,95
#92,105710,P0123C1502070001,23.03.15,14:46~14:57,28.1,28.1,28,28,28,28,28,28,28.1,28.1,28,28,210,107,107,107,108,109,109,108,108,109,109,110,,181,177,178,181,178,172,173,179,169,175,178,,280,153,104,175,127,58.3,149,141,114,124,105,173,,40.23,40.67,40.52,44.37,43.56,41.96,40.76,40.19,41.88,41.14,7.04,6.42,6.95,4.16,5.21,5.86,5.78,6.09,6.05,5.3,21.12,19.86,20.76,17.48,19.92,21.48,19.07,20.08,19.38,19.57,95
#93,105710,P0123C1502080001,23.03.15,14:50~15:01,28,28,28,28,28.1,28.1,28,28,28,28,28,28,210,109,109,108,108,109,109,110,109,110,110,110,,178,172,173,179,169,175,178,178,173,175,178,,280,127,58.3,149,141,114,124,105,173,45.5,171,176,152,39.32,41.99,38.89,36.72,40.04,40.19,40.85,41,35.8,42.02,7.06,4.57,6.35,8.3,5.98,5.87,5.44,5.51,9.01,5.03,21.32,17.97,19.84,20.81,18.18,20.65,20.93,20.07,20.93,18.98,95
#94,105710,P0123C1502090001,23.03.15,14:54~15:05,28.1,28.1,28,28,28,28,28,28,28.1,28.1,28.1,28.2,210,108,109,109,110,109,110,110,110,110,110,111,111,179,169,175,178,178,173,175,178,172,175,177,,280,114,124,105,173,45.5,171,176,152,143,111,144,,38.36,38.44,41.09,39.85,41.16,41.53,41.62,40.11,38.1,42.49,7.55,6.55,6.45,6.77,5.31,5.23,6.2,6.65,8.38,5.55,20.5,20.5,21.12,21.69,20.38,20.28,18.8,18.53,22.29,19.71,95
#95,105190,P0123C1600920001,23.03.16,09:46~09:57,20.3,20.3,20.3,20.3,20.3,20.2,20.1,20.1,19.9,19.9,19.8,19.8,210,109,110,108,109,107,108,108,107,106,106,105,105,169,171,169,172,174,176,175,176,175,176,176,178,280,80.5,25.8,92.3,91,132,50,146,115,150,110,122,193,41.42,38.52,39.89,40.07,41.39,39.47,40.65,40.64,41.69,41.1,4.54,6.39,5.71,5,4.34,4.96,4.56,4.01,5.54,5.33,20.22,24.37,24.02,23.03,24.99,22.66,22.09,19.75,24.18,26.2,95
#96,105190,P0123C1600930001,23.03.16,09:50~10:01,20.3,20.2,20.1,20.1,19.9,19.9,19.8,19.8,19.8,19.9,19.9,19.9,210,107,108,108,107,106,106,105,105,104,104,103,,174,176,175,176,175,176,176,178,175,179,180,,280,132,50,146,115,150,110,122,193,104,96,75.8,,40.81,38.21,38.25,39.13,39.62,41.89,38.85,38.77,38.64,38.16,6.01,6.84,6.57,5.98,5.03,4.46,5.33,6.3,7.35,7.6,22.02,25.91,26.12,18.61,20.54,22,21.81,26.56,24.95,24.14,95
#97,105190,P0123C1600940001,23.03.16,09:54~10:05,19.9,19.9,19.8,19.8,19.8,19.9,19.9,19.9,20,20,20,20,210,106,106,105,105,104,104,103,103,103,103,102,,175,176,176,178,175,179,180,180,179,178,180,,280,150,110,122,193,104,96,75.8,10,86.8,164,212,,39.93,37.45,39.39,38.47,37.52,38.89,38.37,41.63,38.01,36.89,5.76,6.85,5.75,6.43,7.51,6.01,7.77,5.67,7.3,7.58,22.78,22.44,25.01,23.06,22.4,23.77,21.81,23.92,21.47,29.02,95
#98,105250,P0123C1601110001,23.03.16,09:57~10:08,19.8,19.8,19.9,19.9,19.9,20,20,20,20,20,19.9,19.9,210,105,104,104,103,103,103,103,102,101,101,101,,178,175,179,180,180,179,178,180,181,181,180,,280,193,104,96,75.8,10,86.8,164,212,103,231,142,,41.82,42.48,39.63,39.75,39.52,38.8,38.75,38.98,39.01,40.47,5.29,5.98,6.21,5.82,6.68,6.64,6.41,6.96,6.74,6.44,17.19,19.26,17.85,17.64,18.8,19.17,17.81,16.9,18.46,19.14,95
#99,105250,P0123C1601120001,23.03.16,10:01~10:12,19.9,20,20,20,20,20,19.9,19.9,20,20,20.1,20.1,210,103,103,103,103,102,101,101,101,100,100,99.7,99,180,180,179,178,180,181,181,180,182,181,179,177,280,75.8,10,86.8,164,212,103,231,142,112,141,106,121,37.93,40.2,40.38,37.43,37.17,36.27,43.84,40.23,43.28,41.36,6.93,5.46,5.91,7.08,7.13,7.69,4.79,6.09,3.68,4.98,21.47,18.28,18.34,19.64,18.43,18.66,18.13,21.39,17.02,18.12,95
#100,105250,P0123C1601130001,23.03.16,10:05~10:16,20,20,19.9,19.9,20,20,20.1,20.1,20.1,20.1,20.2,20.3,210,102,101,101,101,100,100,99.7,99,98.3,98.8,99.9,101,180,181,181,180,182,181,179,177,170,170,170,170,280,212,103,231,142,112,141,106,121,62.5,168,108,,40.01,41.56,39.99,42.08,40.03,39.09,41.63,40.54,39.36,36.8,6.33,5.96,6.25,5.4,6.53,6.18,5.03,6.03,6.18,7.45,17.74,19.03,19.42,17.21,18.99,16.54,17.25,17.35,18.26,19.42,95
#101,105250,P0123C1601140001,23.03.16,10:08~10:19,19.9,20,20,20.1,20.1,20.1,20.1,20.2,20.3,20.4,20.4,20.5,210,101,100,100,99.7,99,98.3,98.8,99.9,101,102,104,107,180,182,181,179,177,170,170,170,170,170,170,161,280,142,112,141,106,121,62.5,168,108,2.5,61,163,,41.8,42.01,38.61,38.33,41.8,42.49,42.92,42.51,41.21,43.32,5.98,5.06,6.79,7.31,5.13,4.68,3.92,4.42,5.15,5.21,18.44,16.21,18.95,17.28,16.6,15.43,15.01,14.8,15.64,18.08,95
#102,105250,P0123C1601150001,23.03.16,10:23~10:34,20.7,20.8,20.8,20.7,20.6,20.6,20.6,20.4,20.4,20.4,20.4,20.4,210,113,115,117,117,118,118,116,118,117,115,115,112,161,153,153,153,153,153,153,153,153,159,159,159,280,37,30.8,199,190,194,192,173,222,191,208,202,218,44.02,44.84,41.77,41.97,39.64,41.19,39.32,42.54,41.75,43.71,4.05,3.18,4.73,5.05,6.33,5.49,5.44,5.9,3.47,4.39,16.13,13.21,14.96,17.36,18.78,17.29,16.62,19.5,13.7,16.99,95
#103,105250,P0123C1601160001,23.03.16,10:27~10:38,20.6,20.6,20.6,20.4,20.4,20.4,20.4,20.4,20.5,20.5,20.6,20.6,210,118,118,116,118,117,115,115,112,112,111,112,,153,153,153,153,153,159,159,159,157,152,152,,280,194,192,173,222,191,208,202,218,175,195,218,,45.35,44.24,42.75,44.24,43.04,40.59,43.89,44.02,43.81,45.5,3.05,3.39,3.11,3.78,4.18,4,3.51,3.68,3.77,2.83,13.1,14.39,14.19,14.94,17.96,14.89,15,14.43,15.34,13.69,95
#104,104900,P0123C1601330001,23.03.16,10:30~10:41,20.4,20.4,20.4,20.4,20.4,20.5,20.5,20.6,20.6,20.6,20.6,20.7,210,118,117,115,115,112,112,111,112,111,110,111,,153,153,159,159,159,157,152,152,159,159,159,,280,222,191,208,202,218,175,195,218,156,210,208,,42.14,41.86,42.05,41.85,42.06,42.38,41.31,40.66,40.68,42.45,5.51,5.54,4.61,4.82,5.11,4.83,5.08,5.26,6.19,4.9,17.18,18.67,16.06,16.31,16.84,17.03,16.74,17.38,17.78,18.03,95
#105,104900,P0123C1702360001,23.03.17,13:51~14:02,24.8,24.8,24.8,24.9,24.9,25,25.1,25.1,25.1,25,25.1,25,210,134,134,135,135,134,132,131,130,128,126,125,,148,145,150,150,150,150,150,150,150,150,150,,270,187,149,185,188,198,209,194,209,180,202,213,,47.18,46.56,46.67,47.41,45.7,46.09,47.97,46.21,46.27,46.75,3.96,4.68,4.88,4.78,5.26,4.34,4.12,5.41,4.01,4.26,14.67,15.97,16.02,16.39,15.98,15.4,15.37,17.48,14.7,14.8,95
#106,104900,P0123C1702350001,23.03.17,13:55~14:06,24.9,25,25.1,25.1,25.1,25,25.1,25,25,25,25.1,25.1,210,134,132,131,130,128,126,125,122,121,119,118,,150,150,150,150,150,150,150,150,150,150,165,,270,198,209,194,209,180,202,213,197,203,187,212,,45.93,47.82,46.42,44.33,44.95,47.55,46.12,45.64,46.56,45.94,5.06,4.03,3.4,4.73,5.02,3.77,5.29,5.16,5.42,5.01,16.41,15.3,13.56,15.73,16.47,14.99,16.79,16.17,17.16,16.21,95
#107,104900,P0123C1702340001,23.03.17,13:59~14:10,25.1,25,25.1,25,25,25,25.1,25.1,25.1,25.1,25.2,25.2,210,130,128,126,125,122,121,119,118,117,117,116,115,150,150,150,150,150,150,150,165,165,165,165,168,270,209,180,202,213,197,203,187,212,182,214,216,180,44.5,43.97,46.39,47.34,43.14,42.74,46.68,45.6,43.49,45.41,6.82,6.03,5.61,4.9,6.63,7.44,5.07,6.2,6.79,5.91,19.13,17.22,17.03,17.3,17.14,17.97,17.43,18.41,17.86,16.87,95
#108,111530,P0123C1702460001,23.03.17,14:02~14:13,25,25,25,25.1,25.1,25.1,25.1,25.2,25.2,25.2,25.2,25.3,210,125,122,121,119,118,117,117,116,115,114,113,113,150,150,150,150,165,165,165,165,168,168,168,,270,213,197,203,187,212,182,214,216,180,199,203,,43.94,43.07,44.01,44.95,43.73,45.16,44.43,44.94,45.08,45.04,1.17,0.78,-0.3,-0.14,1.41,0.23,0.54,0.43,0.53,0.74,18.33,19.37,23.79,21.8,18.44,16.99,17.49,17.85,18.56,18.15,95
#109,111530,P0123C1702470001,23.03.17,14:06~14:17,25.1,25.1,25.1,25.2,25.2,25.2,25.2,25.3,25.3,25.3,25.2,25.2,210,118,117,117,116,115,114,113,113,113,112,111,,165,165,165,165,168,168,168,168,168,172,173,,270,212,182,214,216,180,199,203,216,190,184,88,,44.22,43.19,43.58,43.02,44.55,44.09,43.82,43.55,46.95,45.19,1.54,1.93,2.06,1.52,0.83,0.86,0.95,1.23,-0.21,1.81,20.39,22.35,16.23,18.66,18.45,18.31,21.79,18.51,22.16,19.37,95
#110,111530,P0123C1702480001,23.03.17,14:10~14:21,25.2,25.2,25.2,25.3,25.3,25.3,25.2,25.2,25.3,25.3,25.3,25.4,210,115,114,113,113,113,112,111,110,111,110,110,,168,168,168,168,168,172,173,175,174,174,176,,270,180,199,203,216,190,184,88,50.8,54.5,177,116,,41.69,41.37,41.78,41.8,41.35,41.41,39.21,40.44,42.83,40.27,2.8,3.14,2.44,3.01,2.78,2.71,4.18,3.34,2.86,4.34,20.3,16.93,16.95,16.5,19.7,19.11,17.56,17.14,20.7,19.87,95
#111,111530,P0123C1702490001,23.03.17,14:13~14:24,25.3,25.3,25.3,25.2,25.2,25.3,25.3,25.3,25.4,25.4,25.4,25.4,210,113,113,112,111,110,111,110,110,111,109,109,,168,168,168,172,173,175,174,174,176,177,176,178,270,203,216,190,184,88,50.8,54.5,177,116,119,103,176,42.08,41.03,43.46,43.8,43.22,43.52,42.78,41.02,44.35,43.56,2.58,2.74,1.98,1.83,3.72,2.64,2.81,3.37,0.64,2.11,20.23,18.74,20.73,21.98,20.09,18.65,19.16,18.59,19.33,16.68,95
#112,111530,P0123C1702500001,23.03.17,14:17~14:28,25.2,25.3,25.3,25.3,25.4,25.4,25.4,25.4,25.4,25.4,25.5,25.5,210,111,110,111,110,110,111,109,109,109,109,108,108,173,175,174,174,176,177,176,178,180,178,179,179,270,88,50.8,54.5,177,116,119,103,176,7,106,131,129,44.11,43.94,43.39,42.87,44.39,44.09,44.73,42.77,45.49,42.48,1.36,1.32,2.02,2.14,1.42,0.75,2.45,3.26,1.47,1.94,16.88,18.41,18.2,16.82,17.91,15.02,18,17.98,20.71,19.74,95
#113,111530,P0123C1702510001,23.03.17,14:21~14:32,25.4,25.4,25.4,25.4,25.4,25.4,25.5,25.5,25.5,25.5,25.5,25.5,210,110,111,109,109,109,109,108,108,107,108,109,107,176,177,176,178,180,178,179,179,177,178,178,173,270,116,119,103,176,7,106,131,129,92,107,184,54,43.09,41.65,42.23,42.77,41.89,41.83,42.91,44.17,43.95,43.32,2.58,3.12,2.52,1.74,3.27,3.19,1.59,1.2,2.36,2.43,18.31,19.4,19.31,18.1,21.73,21.57,20.03,18.38,22.67,20.37,95
#114,112470,P0123C1702200001,23.03.17,14:28~14:39,25.5,25.5,25.5,25.5,25.5,25.5,25.5,25.5,25.6,25.7,25.7,25.8,210,108,107,108,109,107,107,107,107,107,107,107,,179,177,178,178,173,167,171,171,164,167,170,,270,129,92,107,184,54,194,91.8,138,99.3,90.8,163,,42.97,44.39,43.76,42.58,42.37,42.17,43.52,43.2,41.24,40.01,4.79,3.93,4.03,4.63,6.11,5.03,4.79,4.51,6.1,5.68,17.25,16.29,15.76,16.37,18.22,16.71,17.54,17.5,17.84,16.86,
#115,112470,P0123C1702210001,23.03.17,14:32~14:43,25.5,25.5,25.5,25.5,25.6,25.7,25.7,25.8,25.8,25.8,25.7,25.7,210,107,107,107,107,107,107,107,107,108,108,109,,173,167,171,171,164,167,170,165,158,162,166,,270,54,194,91.8,138,99.3,90.8,163,12,96,81.8,112,,42.11,43.57,39.82,39.68,42.43,41.24,42.39,40.68,41.53,39.87,5.83,5.33,6.25,5.49,5.34,4.99,6.79,7.08,5.09,6.05,18.52,19,17.42,16.13,17.76,16.49,20.49,18.89,17.06,17.15,
#116,112470,P0123C1702220001,23.03.17,14:35~14:46,25.5,25.6,25.7,25.7,25.8,25.8,25.8,25.7,25.7,25.7,25.8,25.8,210,107,107,107,107,107,108,108,109,110,109,110,,171,164,167,170,165,158,162,166,159,168,174,,270,138,99.3,90.8,163,12,96,81.8,112,197,86.5,141,,41.5,42.91,39.91,43.18,38.74,43.9,42.62,39.82,39.26,40.91,5.28,4.17,5.7,5.07,7.96,4.22,5.65,6.66,5.8,5.35,16.48,16.09,16.39,17.63,17.4,15.77,18.35,17.28,16.04,16.49,
#117,112470,P0123C1702230001,23.03.17,14:39~14:50,25.8,25.8,25.8,25.7,25.7,25.7,25.8,25.8,12.9,25.8,25.8,25.7,210,107,107,108,108,109,110,109,110,110,110,110,110,170,165,158,162,166,159,168,174,175,174,179,177,270,163,12,96,81.8,112,197,86.5,141,62.3,107,100,192,36.34,33.3,39.86,42.3,42.93,41.26,39.34,43.41,42.24,41.99,6.88,7.43,5.3,4.48,3.8,4.49,6.99,4.87,5.48,4.67,13.88,9.98,16.14,16.82,16.16,15.89,19,17.76,18.42,17.92,
#118,112470,P0123C1702240001,23.03.17,14:42~14:53,25.7,25.7,25.7,25.8,25.8,12.9,25.8,25.8,25.7,25.6,25.6,25.6,210,108,109,110,109,110,110,110,110,110,109,109,109,162,166,159,168,174,175,174,179,177,175,178,178,270,81.8,112,197,86.5,141,62.3,107,100,192,146,154,202,43.01,40.95,40.86,38.72,42.24,43.04,41.33,39.58,41.71,41.45,4.54,5.54,7.25,7.72,4.81,5.88,4.71,6.53,4.8,5.21,17.05,17.6,19.09,17.07,16.52,18.87,15.99,17.28,16.49,17.28,
#119,112470,P0123C1702250001,23.03.17,14:46~14:57,25.8,12.9,25.8,25.8,25.7,25.6,25.6,25.6,25.6,12.8,25.5,25.5,210,110,110,110,110,110,109,109,109,108,109,107,107,174,175,174,179,177,175,178,178,179,175,179,,270,141,62.3,107,100,192,146,154,202,63.8,104,114,,38.99,39.07,39.46,44.34,42.45,39.59,41.35,42.08,44.07,41.81,8.4,7.01,5.84,3.79,4.99,6.19,5.33,6.59,4.46,4.58,18.19,16.86,15.47,15.47,17.17,16.44,16.62,18.99,16.41,15.33,
#120,105120,P0123C1702620001,23.03.17,14:50~15:01,25.7,25.6,25.6,25.6,25.6,12.8,25.5,25.5,25.5,25.5,25.4,25.4,210,110,109,109,109,108,109,107,107,107,106,106,,177,175,178,178,179,175,179,179,177,179,180,,270,192,146,154,202,63.8,104,114,112,151,87,126,,43.83,44.55,47.49,46.82,44.11,45.45,43.59,44.61,44.49,46.48,7.89,7.51,4.59,6.32,7.29,6.01,7.74,6.43,6.75,5.2,21.15,21,16.88,20.85,20.58,20.14,20.87,20.16,19.43,18.53,
#121,105120,P0123C1702630001,23.03.17,14:53~15:04,25.6,25.6,12.8,25.5,25.5,25.5,25.5,25.4,25.4,25.3,25.3,25.3,210,109,108,109,107,107,107,106,106,106,106,105,,178,179,175,179,179,177,179,180,181,180,181,,270,202,63.8,104,114,112,151,87,126,231,148,111,,48.69,46.75,49.84,46.56,47.22,46.82,45.82,47,45.27,46.61,3.68,4.74,3.19,5.36,4.35,4.49,5.55,4.97,5.62,5.55,18,18.33,16.38,19.77,18.27,17.32,19.95,19.84,19.19,20.51,
#122,103670,P0123C2000070001,23.03.20,09:02~09:13,16.8,16.8,16.8,16.9,17,,,,,,,,210,109,108,108,109,107,108,108,108,107,109,107,107,143,143,143,143,143,143,143,143,143,143,143,143,270,189,198,149,187,186,170,192,189,197,208,202,210,47.17,44.46,45.09,45.36,45.06,42.32,45.73,44.54,46.68,45.06,4.55,6.48,5.76,5.2,5.98,6.28,4.59,6.58,5.14,5.12,16.81,20.17,18.28,17.59,19.05,17.29,17.02,19.48,17.84,16.64,95
#123,103670,P0123C2000080001,23.03.20,09:06~09:17,16.8,16.9,17,16.9,16.8,16.7,,,,,,,210,107,108,108,108,107,109,107,107,107,107,106,106,143,143,143,143,143,143,143,143,143,143,143,143,270,186,170,192,189,197,208,202,210,191,205,195,196,49.02,44.59,45.98,47.3,45.55,46.68,46.8,46.39,45.12,43.9,2.88,6.7,5.06,2.94,4.22,3.85,4.05,3.74,4.15,5.86,15.14,21.34,19.24,15.85,17.8,18.08,18.38,16.58,17.53,20.19,95
#124,103670,P0123C2000090001,23.03.20,09:10~09:21,17,16.9,16.8,16.7,,,,,,,,,210,107,109,107,107,107,107,106,106,103,103,104,,143,143,143,143,143,143,143,143,143,143,143,,270,197,208,202,210,191,205,195,196,187,187,203,,47.5,46.6,47.39,47.85,46.55,48.04,46.59,49.51,45.31,47.03,3.59,3.94,3.67,4.05,4.99,3.8,5.2,4.25,5.01,4.43,14.03,14.58,13.08,15.05,16.43,14.39,18.02,17.51,16.77,16.48,95
#125,103670,P0123C2000100001,23.03.20,09:13~09:24,16.8,16.7,16.8,16.8,16.8,16.9,,,,,,,210,107,107,107,106,106,103,103,104,102,105,105,,143,143,143,143,143,143,143,143,143,143,143,,270,210,191,205,195,196,187,187,203,159,188,181,,47.9,44.83,42.49,42.15,47.47,45.48,46.72,47.55,45.57,45.71,3.7,5.58,7.16,7.36,3.97,5.98,3.8,3.17,4.74,5.8,14.98,17.47,18.97,19.09,15.94,18.92,15.68,13.66,15.94,16.5,95
#126,103670,P0123C2000110001,23.03.20,09:17~09:28,16.8,16.8,16.8,16.9,17.1,17.3,,,,,,,210,106,103,103,104,102,105,105,104,104,106,105,,143,143,143,143,143,143,143,143,143,143,143,,270,196,187,187,203,159,188,181,183,194,184,188,,48.24,48.87,49.39,50.17,47.07,46.6,51.13,49.53,48.6,49.11,3.69,2.62,2.26,1.7,3.535,3.21,1.17,2.58,2.3,2.34,18.17,15.59,15.56,14.22,17,16.56,11.93,13.56,14,14.68,95
#127,103670,P0123C2000120001,23.03.20,09:21~09:32,16.8,16.9,17.1,17.3,17.4,17.6,,,,,,,210,104,102,105,105,104,104,106,105,105,105,106,105,143,143,143,143,143,143,143,143,143,143,143,143,270,203,159,188,181,183,194,184,188,153,180,186,187,44.54,45.95,48.34,48.19,47.88,47.31,45.33,46.79,46.57,46.6,5.22,5.95,3.88,3.84,3.31,3.86,4.64,3.99,4.4,4.67,17.38,19.23,17.22,15.69,14.87,15.83,16.84,15.99,17.08,16.93,95
#128,105250,P0123C2000130001,23.03.20,09:24~09:35,16.9,17.1,17.3,17.4,17.6,17.8,,,,,,,210,105,104,104,106,105,105,105,106,105,105,107,105,143,143,143,143,143,143,143,143,143,143,143,143,270,181,183,194,184,188,153,180,186,187,188,188,201,43.82,42.21,42.88,44.54,44.06,43.8,45.89,44.91,44.34,44.49,5.07,5.28,6.28,5.81,4.48,4.72,4.51,5.13,5.48,5.61,15.92,14.84,17.58,18.19,15.4,15.28,15.5,15.7,16.51,16.51,95
#129,105250,P0123C2000140001,23.03.20,09:28~09:39,17.3,17.4,17.6,17.8,17.8,17.8,,,,,,,210,105,105,105,106,105,105,107,105,106,107,106,107,143,143,143,143,143,143,143,143,143,143,143,143,270,188,153,180,186,187,188,188,201,153,188,187,201,44.37,44.41,44.25,43.41,43.76,43.91,42.51,43.96,47.13,44.88,4.35,4.31,5.01,6.41,4.84,5.26,7.23,5.2,3.84,4.79,14.48,14.62,16.43,17.47,15.06,16.59,18.87,16.66,14.51,16.03,95
#130,105250,P0123C2000150001,23.03.20,09:32~09:43,17.6,17.8,17.8,17.8,17.9,17.9,,,,,,,210,105,105,107,105,106,107,106,107,107,108,107,,143,143,143,143,143,143,143,143,143,143,143,,270,187,188,188,201,153,188,187,187,191,183,173,201,46.18,46.31,48.74,46.5,44.83,45.8,46.27,44.82,45.28,43.3,3.24,3.77,3.79,3.98,4.97,4.99,3.95,4.32,4.7,5.46,16.82,15.5,14.76,15.03,15.47,15.44,14.7,14.88,14.93,15.91,95
#131,105250,P0123C2100190001,23.03.21,08:38~08:49,23.1,23.1,23.1,23.1,23.1,23.2,23.2,23.2,23.2,23.2,23.1,23.1,210,116,117,117,117,119,120,120,121,121,121,122,,149,149,143,143,143,143,143,143,143,143,143,,270,159,123,116,160,95.5,170,159,165,159,161,115,,44.26,42.33,42.88,43.44,45.42,44.21,40.72,43.75,42.1,43.81,5.35,5.7,5.56,4.41,3.64,5.21,7.98,6.55,5.77,5.42,16.46,15.89,16.67,15.58,12.68,16.32,18.11,19.31,16.65,16.83,95
#132,105250,P0123C2100200001,23.03.21,08:42~08:53,23.1,23.2,23.2,23.2,23.2,23.2,23.1,23.1,23,23,23,23.1,210,117,119,120,120,121,121,121,122,121,121,121,,143,143,143,143,143,143,143,143,143,143,143,,270,160,95.5,170,159,165,159,161,115,128,183,182,,44.06,42.59,42.95,44.06,43.9,44.67,43.13,43.65,43.36,43.98,5.16,5.03,4.35,3.62,4.21,4.22,4.44,3.87,5.1,5.17,17.61,16.35,15.29,15.03,17.46,16.26,15.8,14.94,17.68,16.55,95
#133,105250,P0123C2100210001,23.03.21,08:45~08:56,23.2,23.2,23.2,23.1,23.1,23,23,23,23.1,23,23.1,22.9,210,120,121,121,121,122,121,121,121,122,121,121,,143,143,143,143,143,143,143,143,143,143,143,,270,159,165,159,161,115,128,183,182,135,173,180,,43.05,43.92,44.95,43.11,42.98,44.37,44.38,43.11,46.25,44,4.4,4.31,5.37,6.02,5.37,5.1,4.55,5.05,5.04,6.08,14.7,13.78,16.07,16.7,15.77,15.39,13.78,15.96,16.78,16.67,95
#134,105250,P0123C2100220001,23.03.21,08:49~09:00,23.1,23,23,23,23.1,23,23.1,22.9,22.9,22.9,22.8,22.8,210,122,121,121,121,122,121,121,120,119,119,119,,143,143,143,143,143,143,143,143,143,143,143,,270,115,128,183,182,135,173,180,199,158,185,168,,43.92,43.36,44.34,43.21,43.03,42.81,43.03,43.52,45.28,44.53,4.03,4.09,4.4,5.5,4.18,4.9,4.14,5.15,4.84,5.98,13.44,14.4,14.35,15.87,14.64,15,14.64,15.28,15.41,16.88,95
#135,105250,P0123C2100230001,23.03.21,08:53~09:04,23.1,23,23.1,22.9,22.9,22.9,22.8,22.8,22.8,22.8,22.8,22.7,210,121,122,121,121,120,119,119,119,119,118,118,117,143,143,143,143,143,143,143,143,143,143,143,143,270,182,135,173,180,199,158,185,168,180,181,177,195,42.2,43,44.55,43.31,40.28,41.96,43.47,40.88,44.6,43.99,5.5,5.21,5.63,5.52,5.35,4.8,5.64,7.55,4.71,5.14,15.75,16.4,14.85,16.55,15.62,15.15,16.64,18.72,14.74,15.6,95
#136,105250,P0123C2100240001,23.03.21,08:56~09:07,22.9,22.9,22.9,22.8,22.8,22.8,22.8,22.8,22.7,22.7,22.7,22.8,210,121,120,119,119,119,119,118,118,117,116,116,116,143,143,143,143,143,143,143,143,143,143,143,143,270,180,199,158,185,168,180,181,177,195,170,173,187,43.61,44.43,42.7,44.05,44.67,43.89,43.48,43.66,42.53,44.23,4.65,3.6,4.84,4.53,4.34,4.21,4.22,4.06,5.5,5.18,17.11,14.41,16.47,16.56,15.69,15.49,16.33,15.58,16.98,17.78,95
#137,105190,P0123C2100250001,23.03.21,09:00~09:11,22.8,22.8,22.8,22.8,22.7,22.7,22.7,22.8,22.8,22.8,22.8,22.8,210,119,119,118,118,117,116,116,116,116,115,114,114,143,143,143,143,143,143,143,143,143,143,143,143,270,168,180,181,177,195,170,173,187,142,182,185,191,42.58,41.65,42.76,46.02,43.06,45.28,42.12,43.17,42.17,47.24,5.22,6.95,6.65,3.43,5.02,3.02,6.18,5.75,4.48,1.02,21.79,20.75,22.13,20.02,20.46,18.75,19.19,19.86,18.57,18.87,95
#138,105190,P0123C2100260001,23.03.21,09:04~09:15,22.7,22.7,22.7,22.8,22.8,22.8,22.8,22.8,22.8,22.8,22.9,22.9,210,117,116,116,116,116,115,114,114,114,114,113,113,143,143,143,143,143,143,143,143,143,143,143,143,270,195,170,173,187,142,182,185,191,134,188,176,165,45.35,45.82,46.88,46.25,44.7,46.11,45.1,45.78,46.01,45.3,3.68,2.7,2.42,2.97,4.23,2.59,3.44,2.95,3.28,3.43,20.49,19.33,17.63,18.48,20.76,17.92,19.46,17.66,20.35,19.37,95
#139,105190,P0123C2100270001,23.03.21,09:07~09:18,22.8,22.8,22.8,22.8,22.8,22.8,22.8,22.9,22.9,22.9,22.9,23,210,116,116,115,114,114,114,114,113,113,113,112,,143,143,143,143,143,143,143,143,143,143,143,,270,187,142,182,185,191,134,188,176,165,184,147,,46.84,44.64,42.71,42.31,44.8,46.71,43.57,43.64,44.16,43.36,2.7,4.34,5.16,5.62,4.17,3.12,4.63,4.71,4.58,4.4,17.03,20.92,18.69,20.24,21.7,18.64,17.99,20.98,18.61,18.79,95
#140,105190,P0123C2100280001,23.03.21,09:11~09:22,22.8,22.8,22.8,22.9,22.9,22.9,22.9,23,23,23,23,,210,114,114,114,113,113,113,112,111,113,112,112,,143,143,143,143,143,143,143,143,143,143,143,,270,191,134,188,176,165,184,147,168,193,179,160,,44.32,44.98,45.86,47.55,44.1,44.91,43.68,46.81,47.37,45.48,3.54,4.03,2.26,2.01,2.61,2.14,2.48,1.69,2.00,2.29,20.94,18.29,17.67,18.88,19.63,16.19,17.41,18.09,15.72,21.8,95
#141,105190,P0123C2100290001,23.03.21,09:14~09:25,22.9,22.9,22.9,22.9,23,23,23,23,23,23,22.9,22.9,210,113,113,113,112,111,113,112,112,112,112,112,,143,143,143,143,143,143,143,143,143,143,143,,270,176,165,184,147,168,193,179,160,152,177,186,,44.74,43.26,40.58,44.71,43.59,42.26,41.77,40.37,43.49,42.2,4.27,4.15,7.21,4.19,4.71,6.12,5,6.79,5.25,5.36,17.99,18.73,19.05,17.63,19.95,19.99,18.91,18.95,19.21,19.5,95
#142,105190,P0123C2100300001,23.03.21,09:18~09:29,23,23,23,23,23,23,22.9,22.9,22.9,22.9,22.9,22.9,210,112,111,113,112,112,112,112,112,112,113,113,112,143,143,143,143,143,143,143,143,143,143,143,143,270,147,168,193,179,160,152,177,186,193,171,179,159,42.59,41.84,45.54,44.53,42.67,42.4,41.36,42.61,45.08,44.12,4.32,5.25,3.9,4.1,4.52,5.13,5.7,6.19,3.97,3.86,17.34,18.37,16.75,19.39,19.54,18.85,18.01,20.62,16.81,17.06,95
